Name,Age,Salary,Department
Amit,-0.2332847374079221,-1.4142135623730951,2
Sneha,1.5163507931514906,1.4142135623730951,1
Rahul,0.0,0.0,2
,-1.2830660557435698,0.0,0
